username,created_dat
Aniya_Hackett,NULL
Kasandra_Homenick,NULL
Jaclyn81,NULL
Rocio33,NULL
Maxwell.Halvorson,NULL
Tierra.Trantow,NULL
Pearl7,NULL
Ollie_Ledner37,NULL
Mckenna17,NULL
David.Osinski47,NULL
Morgan.Kassulke,NULL
Linnea59,NULL
Duane60,NULL
Julien_Schmidt,NULL
Mike.Auer39,NULL
Franco_Keebler64,NULL
Nia_Haag,NULL
Hulda.Macejkovic,NULL
Leslie67,NULL
Janelle.Nikolaus81,NULL
Darby_Herzog,NULL
Esther.Zulauf61,NULL
Bartholome.Bernhard,NULL
Jessyca_West,NULL
Esmeralda.Mraz57,NULL
Bethany20,NULL
